$$AttributeCategory.Code$AttributeDefinition.Code,AttributeCategory.Code,AttributeDefinition.Code
SAP-CLASS_7930B-C7900_INPUT_OUTPUT_HEADER;SAP-CLASS_7930B-C7900B_4_20MA_IP,SAP-CLASS_7930B-C7900_INPUT_OUTPUT_HEADER,SAP-CLASS_7930B-C7900B_4_20MA_IP
SAP-CLASS_7930B-C7900_INPUT_OUTPUT_HEADER;SAP-CLASS_7930B-C7900B_4_20MA_OP,SAP-CLASS_7930B-C7900_INPUT_OUTPUT_HEADER,SAP-CLASS_7930B-C7900B_4_20MA_OP
SAP-CLASS_7930B-C7900_INPUT_OUTPUT_HEADER;SAP-CLASS_7930B-C7900B_ALARM_OP,SAP-CLASS_7930B-C7900_INPUT_OUTPUT_HEADER,SAP-CLASS_7930B-C7900B_ALARM_OP
SAP-CLASS_7930B-C7900_OPTICAL_HEADER;SAP-CLASS_7930B-C7900B_BEAM_DIVERGENCE,SAP-CLASS_7930B-C7900_OPTICAL_HEADER,SAP-CLASS_7930B-C7900B_BEAM_DIVERGENCE
SAP-CLASS_7930B-C7900_OPTICAL_HEADER;SAP-CLASS_7930B-C7900B_INTGRATED_SPAN_CHECK,SAP-CLASS_7930B-C7900_OPTICAL_HEADER,SAP-CLASS_7930B-C7900B_INTGRATED_SPAN_CHECK
SAP-CLASS_7930B-C7900_MOUNTING_HEADER;SAP-CLASS_7930B-C7900B_MTG_BASE,SAP-CLASS_7930B-C7900_MOUNTING_HEADER,SAP-CLASS_7930B-C7900B_MTG_BASE
SAP-CLASS_7930B-C7900_INPUT_OUTPUT_HEADER;SAP-CLASS_7930B-C7900B_SUPPLY_VOLTAGE,SAP-CLASS_7930B-C7900_INPUT_OUTPUT_HEADER,SAP-CLASS_7930B-C7900B_SUPPLY_VOLTAGE
SAP-CLASS_7930B-C7900_PART_HEADER;SAP-CLASS_7930B-C7900B_TP02,SAP-CLASS_7930B-C7900_PART_HEADER,SAP-CLASS_7930B-C7900B_TP02
SAP-CLASS_7930B-C7900_PART_HEADER;SAP-CLASS_7930B-C7900B_TP03,SAP-CLASS_7930B-C7900_PART_HEADER,SAP-CLASS_7930B-C7900B_TP03
SAP-CLASS_7930B-C7900_PART_HEADER;SAP-CLASS_7930B-C7900B_TP04,SAP-CLASS_7930B-C7900_PART_HEADER,SAP-CLASS_7930B-C7900B_TP04
SAP-CLASS_7930B-C7900_PART_HEADER;SAP-CLASS_7930B-C7900B_TP07,SAP-CLASS_7930B-C7900_PART_HEADER,SAP-CLASS_7930B-C7900B_TP07
SAP-CLASS_7930B-C7900_PART_HEADER;SAP-CLASS_7930B-C7900B_TP08,SAP-CLASS_7930B-C7900_PART_HEADER,SAP-CLASS_7930B-C7900B_TP08
SAP-CLASS_7930B-C7900_PART_HEADER;SAP-CLASS_7930B-C7900B_TP09,SAP-CLASS_7930B-C7900_PART_HEADER,SAP-CLASS_7930B-C7900B_TP09
SAP-CLASS_7930B-C7900_PART_HEADER;SAP-CLASS_7930B-C7900B_TP10,SAP-CLASS_7930B-C7900_PART_HEADER,SAP-CLASS_7930B-C7900B_TP10
SAP-CLASS_7930B-C7900_PART_HEADER;SAP-CLASS_7930B-C7900B_TPBASE,SAP-CLASS_7930B-C7900_PART_HEADER,SAP-CLASS_7930B-C7900B_TPBASE
SAP-CLASS_7930B-C7900_MOUNTING_HEADER;SAP-CLASS_7930B-C7900B_TPM110,SAP-CLASS_7930B-C7900_MOUNTING_HEADER,SAP-CLASS_7930B-C7900B_TPM110
SAP-CLASS_7930B-C7900_MOUNTING_HEADER;SAP-CLASS_7930B-C7900B_TPM120,SAP-CLASS_7930B-C7900_MOUNTING_HEADER,SAP-CLASS_7930B-C7900B_TPM120
SAP-CLASS_7930B-C7900_MOUNTING_HEADER;SAP-CLASS_7930B-C7900B_TPM130,SAP-CLASS_7930B-C7900_MOUNTING_HEADER,SAP-CLASS_7930B-C7900B_TPM130
SAP-CLASS_7930B-C7900_MOUNTING_HEADER;SAP-CLASS_7930B-C7900B_TPM140,SAP-CLASS_7930B-C7900_MOUNTING_HEADER,SAP-CLASS_7930B-C7900B_TPM140
SAP-CLASS_7930B-C7900_MOUNTING_HEADER;SAP-CLASS_7930B-C7900B_TPM150,SAP-CLASS_7930B-C7900_MOUNTING_HEADER,SAP-CLASS_7930B-C7900B_TPM150
SAP-CLASS_7930B-C7900_MOUNTING_HEADER;SAP-CLASS_7930B-C7900B_TPM160,SAP-CLASS_7930B-C7900_MOUNTING_HEADER,SAP-CLASS_7930B-C7900B_TPM160
SAP-CLASS_7930B-C7900_MOUNTING_HEADER;SAP-CLASS_7930B-C7900B_TPM170,SAP-CLASS_7930B-C7900_MOUNTING_HEADER,SAP-CLASS_7930B-C7900B_TPM170
SAP-CLASS_7930B-C7900_MOUNTING_HEADER;SAP-CLASS_7930B-C7900B_TPM180,SAP-CLASS_7930B-C7900_MOUNTING_HEADER,SAP-CLASS_7930B-C7900B_TPM180
SAP-CLASS_7930B-C7900_MOUNTING_HEADER;SAP-CLASS_7930B-C7900B_TPM190,SAP-CLASS_7930B-C7900_MOUNTING_HEADER,SAP-CLASS_7930B-C7900B_TPM190
SAP-CLASS_7930B-C7900_ACCESSORIES_HEADER;SAP-CLASS_7930B-C7900_ALIGNMENT_TOOLS,SAP-CLASS_7930B-C7900_ACCESSORIES_HEADER,SAP-CLASS_7930B-C7900_ALIGNMENT_TOOLS
SAP-CLASS_7930B-C7900_PART_HEADER;SAP-CLASS_7930B-C7900_APPLICATION_DETAIL,SAP-CLASS_7930B-C7900_PART_HEADER,SAP-CLASS_7930B-C7900_APPLICATION_DETAIL
SAP-CLASS_7930B-C7900_ACCESSORIES_HEADER;SAP-CLASS_7930B-C7900_CALIBRATION_CELL,SAP-CLASS_7930B-C7900_ACCESSORIES_HEADER,SAP-CLASS_7930B-C7900_CALIBRATION_CELL
SAP-CLASS_7930B-C7900_MANUALS_HEADER;SAP-CLASS_7930B-C7900_FUN_SAFETY_MANUAL,SAP-CLASS_7930B-C7900_MANUALS_HEADER,SAP-CLASS_7930B-C7900_FUN_SAFETY_MANUAL
SAP-CLASS_7930B-C7900_PURGE_HEADER;SAP-CLASS_7930B-C7900_INSTRUMENT_PURGING,SAP-CLASS_7930B-C7900_PURGE_HEADER,SAP-CLASS_7930B-C7900_INSTRUMENT_PURGING
SAP-CLASS_7930B-C7900_ACCESSORIES_HEADER;SAP-CLASS_7930B-C7900_INTERCONNECT_CABLE,SAP-CLASS_7930B-C7900_ACCESSORIES_HEADER,SAP-CLASS_7930B-C7900_INTERCONNECT_CABLE
SAP-CLASS_7930B-C7900_ACCESSORIES_HEADER;SAP-CLASS_7930B-C7900_INTERCONNECT_CABLE_QTY,SAP-CLASS_7930B-C7900_ACCESSORIES_HEADER,SAP-CLASS_7930B-C7900_INTERCONNECT_CABLE_QTY
SAP-CLASS_7930B-C7900_PURGE_HEADER;SAP-CLASS_7930B-C7900_OPTICAL_PURGING,SAP-CLASS_7930B-C7900_PURGE_HEADER,SAP-CLASS_7930B-C7900_OPTICAL_PURGING
SAP-CLASS_7930B-C7900_OPTICAL_HEADER;SAP-CLASS_7930B-C7900_ORINGS,SAP-CLASS_7930B-C7900_OPTICAL_HEADER,SAP-CLASS_7930B-C7900_ORINGS
SAP-CLASS_7930B-C7900_PURGE_HEADER;SAP-CLASS_7930B-C7900_PURGE_FITTING_TYPE,SAP-CLASS_7930B-C7900_PURGE_HEADER,SAP-CLASS_7930B-C7900_PURGE_FITTING_TYPE
SAP-CLASS_7930B-C7900_PURGE_HEADER;SAP-CLASS_7930B-C7900_PURGE_GAS_FILTRATION,SAP-CLASS_7930B-C7900_PURGE_HEADER,SAP-CLASS_7930B-C7900_PURGE_GAS_FILTRATION
SAP-CLASS_7930B-C7900_PURGE_HEADER;SAP-CLASS_7930B-C7900_PURGE_PANEL,SAP-CLASS_7930B-C7900_PURGE_HEADER,SAP-CLASS_7930B-C7900_PURGE_PANEL
SAP-CLASS_7930B-C7900_MANUALS_HEADER;SAP-CLASS_7930B-C7900_SERVICE_MANUALS,SAP-CLASS_7930B-C7900_MANUALS_HEADER,SAP-CLASS_7930B-C7900_SERVICE_MANUALS
SAP-CLASS_7930B-C7900_PART_HEADER;SAP-CLASS_7930B-C7900_TP05,SAP-CLASS_7930B-C7900_PART_HEADER,SAP-CLASS_7930B-C7900_TP05
SAP-CLASS_7930B-C7900_MANUALS_HEADER;SAP-CLASS_7930B-C7900_USER_MANUALS,SAP-CLASS_7930B-C7900_MANUALS_HEADER,SAP-CLASS_7930B-C7900_USER_MANUALS
