Code,Name,DisplayValue,Value,Abbreviation,Picklist.Code,Sequence,IsDefault,Status
SAP-CLASS_7930B-C7900B_TP02-A,0-10 ppm,0-10 ppm,0-10 ppm,A,SAP-CLASS_7930B-C7900B_TP02-PL,1,false,Active
SAP-CLASS_7930B-C7900B_TP02-B,0-15 ppm,0-15 ppm,0-15 ppm,B,SAP-CLASS_7930B-C7900B_TP02-PL,2,false,Active
SAP-CLASS_7930B-C7900B_TP02-C,0-25 ppm,0-25 ppm,0-25 ppm,C,SAP-CLASS_7930B-C7900B_TP02-PL,3,false,Active
SAP-CLASS_7930B-C7900B_TP02-D,0-50 ppm,0-50 ppm,0-50 ppm,D,SAP-CLASS_7930B-C7900B_TP02-PL,4,false,Active
SAP-CLASS_7930B-C7900B_TP02-E,0-100 ppm,0-100 ppm,0-100 ppm,E,SAP-CLASS_7930B-C7900B_TP02-PL,5,false,Active
SAP-CLASS_7930B-C7900B_TP02-F,0-200 ppm,0-200 ppm,0-200 ppm,F,SAP-CLASS_7930B-C7900B_TP02-PL,6,false,Active
SAP-CLASS_7930B-C7900B_TP02-G,0-250 ppm,0-250 ppm,0-250 ppm,G,SAP-CLASS_7930B-C7900B_TP02-PL,7,false,Active
SAP-CLASS_7930B-C7900B_TP02-H,0-500 ppm,0-500 ppm,0-500 ppm,H,SAP-CLASS_7930B-C7900B_TP02-PL,8,false,Active
SAP-CLASS_7930B-C7900B_TP02-J,0-1000 ppm,0-1000 ppm,0-1000 ppm,J,SAP-CLASS_7930B-C7900B_TP02-PL,9,false,Active
SAP-CLASS_7930B-C7900B_TP02-K,0-2500 ppm,0-2500 ppm,0-2500 ppm,K,SAP-CLASS_7930B-C7900B_TP02-PL,10,false,Active
SAP-CLASS_7930B-C7900B_TP02-L,0-5000 ppm,0-5000 ppm,0-5000 ppm,L,SAP-CLASS_7930B-C7900B_TP02-PL,11,false,Active
SAP-CLASS_7930B-C7900B_TP02-M,0-10000 ppm,0-10000 ppm,0-10000 ppm,M,SAP-CLASS_7930B-C7900B_TP02-PL,12,false,Active
SAP-CLASS_7930B-C7900B_TP02-N,0-20000 ppm,0-20000 ppm,0-20000 ppm,N,SAP-CLASS_7930B-C7900B_TP02-PL,13,false,Active
SAP-CLASS_7930B-C7900B_TP02-O,0-50000 ppm,0-50000 ppm,0-50000 ppm,O,SAP-CLASS_7930B-C7900B_TP02-PL,14,false,Active
SAP-CLASS_7930B-C7900B_TP02-R,0-1 %,0-1 %,0-1 %,R,SAP-CLASS_7930B-C7900B_TP02-PL,15,false,Active
SAP-CLASS_7930B-C7900B_TP02-S,0-5 %,0-5 %,0-5 %,S,SAP-CLASS_7930B-C7900B_TP02-PL,16,false,Active
SAP-CLASS_7930B-C7900B_TP02-T,0-10 %,0-10 %,0-10 %,T,SAP-CLASS_7930B-C7900B_TP02-PL,17,false,Active
SAP-CLASS_7930B-C7900B_TP02-U,0-21 %,0-21 %,0-21 %,U,SAP-CLASS_7930B-C7900B_TP02-PL,18,false,Active
SAP-CLASS_7930B-C7900B_TP02-V,0-25 %,0-25 %,0-25 %,V,SAP-CLASS_7930B-C7900B_TP02-PL,19,false,Active
SAP-CLASS_7930B-C7900B_TP02-W,0-100 %,0-100 %,0-100 %,W,SAP-CLASS_7930B-C7900B_TP02-PL,20,false,Active
SAP-CLASS_7930B-C7900B_TP02-Z,Custom Range,Custom Range,Custom Range,Z,SAP-CLASS_7930B-C7900B_TP02-PL,21,false,Active
SAP-CLASS_7930B-C7900B_TP03-E,CH4,CH4,CH4,E,SAP-CLASS_7930B-C7900B_TP03-PL,1,false,Active
SAP-CLASS_7930B-C7900B_TP03-X,None,None,None,X,SAP-CLASS_7930B-C7900B_TP03-PL,2,false,Active
SAP-CLASS_7930B-C7900B_TP04-R,0-1 %,0-1 %,0-1 %,R,SAP-CLASS_7930B-C7900B_TP04-PL,1,false,Active
SAP-CLASS_7930B-C7900B_TP04-S,0-5 %,0-5 %,0-5 %,S,SAP-CLASS_7930B-C7900B_TP04-PL,2,false,Active
SAP-CLASS_7930B-C7900B_TP04-T,0-10 %,0-10 %,0-10 %,T,SAP-CLASS_7930B-C7900B_TP04-PL,3,false,Active
SAP-CLASS_7930B-C7900B_TP04-V,0-25 %,0-25 %,0-25 %,V,SAP-CLASS_7930B-C7900B_TP04-PL,4,false,Active
SAP-CLASS_7930B-C7900B_TP04-W,0-50 %,0-50 %,0-50 %,W,SAP-CLASS_7930B-C7900B_TP04-PL,5,false,Active
SAP-CLASS_7930B-C7900B_TP07-1,Safe Area,Safe Area,Safe Area,1,SAP-CLASS_7930B-C7900B_TP07-PL,1,false,Active
SAP-CLASS_7930B-C7900B_TP07-2,ATEX GAS Cat 3G/IECEx Zone 2,ATEX GAS Cat 3G/IECEx Zone 2,ATEX GAS Cat 3G/IECEx Zone 2,2,SAP-CLASS_7930B-C7900B_TP07-PL,2,false,Active
SAP-CLASS_7930B-C7900B_TP07-3,North American Class 1 Div 2,North American Class 1 Div 2,North American Class 1 Div 2,3,SAP-CLASS_7930B-C7900B_TP07-PL,3,false,Active
SAP-CLASS_7930B-C7900B_TP07-4,ATEX DUST Cat 2D/IECEx Zone 21,ATEX DUST Cat 2D/IECEx Zone 21,ATEX DUST Cat 2D/IECEx Zone 21,4,SAP-CLASS_7930B-C7900B_TP07-PL,4,false,Active
SAP-CLASS_7930B-C7900B_TP07-5,EU2G ATEX 3(2)G/IEC Z2-PZ1 G,EU2G ATEX 3(2)G/IEC Z2-PZ1 G,EU2G ATEX 3(2)G/IEC Z2-PZ1 G,5,SAP-CLASS_7930B-C7900B_TP07-PL,5,false,Active
SAP-CLASS_7930B-C7900B_TP07-6,EU2G ATEX 3G(1D)/IEC Z2-PZ20 D,EU2G ATEX 3G(1D)/IEC Z2-PZ20 D,EU2G ATEX 3G(1D)/IEC Z2-PZ20 D,6,SAP-CLASS_7930B-C7900B_TP07-PL,6,false,Active
SAP-CLASS_7930B-C7900B_TP07-7,EU1D ATEX 2(1)D/IEC Z21-PZ20 D,EU1D ATEX 2(1)D/IEC Z21-PZ20 D,EU1D ATEX 2(1)D/IEC Z21-PZ20 D,7,SAP-CLASS_7930B-C7900B_TP07-PL,7,false,Active
SAP-CLASS_7930B-C7900B_TP07-8,EU1D ATEX 2D(2G)/IEC Z21-PZ1 G,EU1D ATEX 2D(2G)/IEC Z21-PZ1 G,EU1D ATEX 2D(2G)/IEC Z21-PZ1 G,8,SAP-CLASS_7930B-C7900B_TP07-PL,8,false,Active
SAP-CLASS_7930B-C7900B_TP07-9,General Purpose,General Purpose,General Purpose,9,SAP-CLASS_7930B-C7900B_TP07-PL,9,false,Active
SAP-CLASS_7930B-C7900B_TP08-A,Short P/L - Collimated Beam,Short P/L - Collimated Beam,Short P/L - Collimated Beam,A,SAP-CLASS_7930B-C7900B_TP08-PL,1,false,Active
SAP-CLASS_7930B-C7900B_TP08-B,Medium P/L - Standard Optics,Medium P/L - Standard Optics,Medium P/L - Standard Optics,B,SAP-CLASS_7930B-C7900B_TP08-PL,2,false,Active
SAP-CLASS_7930B-C7900B_TP08-C,Long P/L - Divergent Optics,Long P/L - Divergent Optics,Long P/L - Divergent Optics,C,SAP-CLASS_7930B-C7900B_TP08-PL,3,false,Active
SAP-CLASS_7930B-C7900B_TP09-1,Not Required,Not Required,Not Required,1,SAP-CLASS_7930B-C7900B_TP09-PL,1,false,Active
SAP-CLASS_7930B-C7900B_TP09-2,Required,Required,Required,2,SAP-CLASS_7930B-C7900B_TP09-PL,2,false,Active
SAP-CLASS_7930B-C7900B_TP10-A,<= 1.5barA & <=500 deg C,<= 1.5barA & <=500 deg C,<= 1.5barA & <=500 deg C,A,SAP-CLASS_7930B-C7900B_TP10-PL,1,false,Active
SAP-CLASS_7930B-C7900B_TP10-B,>1.5barA to 16barA & <=500 deg C,>1.5barA to 16barA & <=500 deg C,>1.5barA to 16barA & <=500 deg C,B,SAP-CLASS_7930B-C7900B_TP10-PL,2,false,Active
SAP-CLASS_7930B-C7900B_TP10-D,<= 1.5barA & >500 deg C,<= 1.5barA & >500 deg C,<= 1.5barA & >500 deg C,D,SAP-CLASS_7930B-C7900B_TP10-PL,3,false,Active
SAP-CLASS_7930B-C7900B_TP10-E,>1.5barA to 16barA & >500 deg C,>1.5barA to 16barA & >500 deg C,>1.5barA to 16barA & >500 deg C,E,SAP-CLASS_7930B-C7900B_TP10-PL,4,false,Active
SAP-CLASS_7930B-C7900B_TPBASE-07931B1,Laser 3 Plus,Laser 3 Plus,Laser 3 Plus,07931B1,SAP-CLASS_7930B-C7900B_TPBASE-PL,1,true,Active
SAP-CLASS_7930B-C7900_APPLICATION_DETAIL-OC01,"In-Situ, Flare / Safety Cntl","In-Situ, Flare / Safety Cntl","In-Situ, Flare / Safety Cntl",OC01,SAP-CLASS_7930B-C7900_APPLICATION_DETAIL-PL,1,false,Active
SAP-CLASS_7930B-C7900_APPLICATION_DETAIL-OC02,"Extractive, Titanium Cntl","Extractive, Titanium Cntl","Extractive, Titanium Cntl",OC02,SAP-CLASS_7930B-C7900_APPLICATION_DETAIL-PL,2,false,Active
SAP-CLASS_7930B-C7900_APPLICATION_DETAIL-OC03,"In-Situ, Temp Combustion Cntl","In-Situ, Temp Combustion Cntl","In-Situ, Temp Combustion Cntl",OC03,SAP-CLASS_7930B-C7900_APPLICATION_DETAIL-PL,3,false,Active
SAP-CLASS_7930B-C7900_APPLICATION_DETAIL-OH01,"In-Situ, High Temp Comb Cntl","In-Situ, High Temp Comb Cntl","In-Situ, High Temp Comb Cntl",OH01,SAP-CLASS_7930B-C7900_APPLICATION_DETAIL-PL,4,false,Active
SAP-CLASS_7930B-C7900_APPLICATION_DETAIL-OH02,"In-Situ, Fluidised Cat Unit","In-Situ, Fluidised Cat Unit","In-Situ, Fluidised Cat Unit",OH02,SAP-CLASS_7930B-C7900_APPLICATION_DETAIL-PL,5,false,Active
SAP-CLASS_7930B-C7900_APPLICATION_DETAIL-NH3S,Slip,Slip,Slip,NH3S,SAP-CLASS_7930B-C7900_APPLICATION_DETAIL-PL,6,false,Active
SAP-CLASS_7930B-C7900_APPLICATION_DETAIL-NH3E,Emissions Monitoring,Emissions Monitoring,Emissions Monitoring,NH3E,SAP-CLASS_7930B-C7900_APPLICATION_DETAIL-PL,7,false,Active
SAP-CLASS_7930B-C7900_APPLICATION_DETAIL-SL,Slip.,Slip.,Slip.,SL,SAP-CLASS_7930B-C7900_APPLICATION_DETAIL-PL,8,false,Active
SAP-CLASS_7930B-C7900_APPLICATION_DETAIL-SA,Safety,Safety,Safety,SA,SAP-CLASS_7930B-C7900_APPLICATION_DETAIL-PL,9,false,Active
SAP-CLASS_7930B-C7900_APPLICATION_DETAIL-CC,Combustion Control,Combustion Control,Combustion Control,CC,SAP-CLASS_7930B-C7900_APPLICATION_DETAIL-PL,10,false,Active
SAP-CLASS_7930B-C7900_APPLICATION_DETAIL-PE,Process Efficiency,Process Efficiency,Process Efficiency,PE,SAP-CLASS_7930B-C7900_APPLICATION_DETAIL-PL,11,false,Active
SAP-CLASS_7930B-C7900_APPLICATION_DETAIL-QU,Quality,Quality,Quality,QU,SAP-CLASS_7930B-C7900_APPLICATION_DETAIL-PL,12,false,Active
SAP-CLASS_7930B-C7900_APPLICATION_DETAIL-EM,Emissions Monitoring.,Emissions Monitoring.,Emissions Monitoring.,EM,SAP-CLASS_7930B-C7900_APPLICATION_DETAIL-PL,13,false,Active
SAP-CLASS_7930B-C7900_TP05-X,Not Applicable,Not Applicable,Not Applicable,X,SAP-CLASS_7930B-C7900_TP05-PL,1,true,Active
