Code,Name,Label,DeveloperName,DataType,Description,IsActive,IsRequired,Picklist.Code,SourceSystemIdentifier,DefaultHelpText
SAP-CLASS_7930B-C7900B_4_20MA_IP,4-20mA Inputs (C7900B_4_20MA_IP),4-20mA Inputs,C7900B_4_20MA_IP,Picklist,Number of 4-20mA analogue inputs fitted.,true,false,SAP-CLASS_7930B-C7900B_4_20MA_IP-PL,C7900B_4_20MA_IP,
SAP-CLASS_7930B-C7900B_4_20MA_OP,4-20mA Outputs (C7900B_4_20MA_OP),4-20mA Outputs,C7900B_4_20MA_OP,Picklist,Number of 4-20mA analogue outputs fitted.,true,false,SAP-CLASS_7930B-C7900B_4_20MA_OP-PL,C7900B_4_20MA_OP,
SAP-CLASS_7930B-C7900B_ALARM_OP,Alarm Outputs (C7900B_ALARM_OP),Alarm Outputs,C7900B_ALARM_OP,Picklist,Number of alarm relay outputs fitted.,true,false,SAP-CLASS_7930B-C7900B_ALARM_OP-PL,C7900B_ALARM_OP,
SAP-CLASS_7930B-C7900B_BEAM_DIVERGENCE,Beam Divergence (C7900B_BEAM_DIVERGENCE),Beam Divergence,C7900B_BEAM_DIVERGENCE,Picklist,Divergence of the laser beam across the process path.,true,false,SAP-CLASS_7930B-C7900B_BEAM_DIVERGENCE-PL,C7900B_BEAM_DIVERGENCE,
SAP-CLASS_7930B-C7900B_INTGRATED_SPAN_CHECK,Internal Gas Cell (C7900B_INTGRATED_SPAN_CHECK),Internal Gas Cell,C7900B_INTGRATED_SPAN_CHECK,Picklist,Whether an internal gas cell is fitted for span checking.,true,false,SAP-CLASS_7930B-C7900B_INTGRATED_SPAN_CHECK-PL,C7900B_INTGRATED_SPAN_CHECK,
SAP-CLASS_7930B-C7900B_MTG_BASE,Type (C7900B_MTG_BASE),Type,C7900B_MTG_BASE,Picklist,Mounting base type supplied with the analyser.,true,true,SAP-CLASS_7930B-C7900B_MTG_BASE-PL,C7900B_MTG_BASE,
SAP-CLASS_7930B-C7900B_SUPPLY_VOLTAGE,Supply Voltage (C7900B_SUPPLY_VOLTAGE),Supply Voltage,C7900B_SUPPLY_VOLTAGE,Picklist,Electrical supply the analyser is built for.,true,false,SAP-CLASS_7930B-C7900B_SUPPLY_VOLTAGE-PL,C7900B_SUPPLY_VOLTAGE,
SAP-CLASS_7930B-C7900B_TP02,"Measurement 1, Range (C7900B_TP02)","Measurement 1, Range",C7900B_TP02,Picklist,Measuring range for the primary measured component.,true,false,SAP-CLASS_7930B-C7900B_TP02-PL,C7900B_TP02,
SAP-CLASS_7930B-C7900B_TP03,Measurement 2 (C7900B_TP03),Measurement 2,C7900B_TP03,Picklist,"Second measured component, or None when only one is measured.",true,false,SAP-CLASS_7930B-C7900B_TP03-PL,C7900B_TP03,
SAP-CLASS_7930B-C7900B_TP04,"Measurement 2, Range (C7900B_TP04)","Measurement 2, Range",C7900B_TP04,Picklist,Measuring range for the second measured component.,true,false,SAP-CLASS_7930B-C7900B_TP04-PL,C7900B_TP04,
SAP-CLASS_7930B-C7900B_TP07,Area Classification (C7900B_TP07),Area Classification,C7900B_TP07,Picklist,Hazardous-area certification the analyser is supplied against.,true,false,SAP-CLASS_7930B-C7900B_TP07-PL,C7900B_TP07,
SAP-CLASS_7930B-C7900B_TP08,Total Path Length (C7900B_TP08),Total Path Length,C7900B_TP08,Picklist,"Optical path length band, which sets the beam optics supplied.",true,false,SAP-CLASS_7930B-C7900B_TP08-PL,C7900B_TP08,
SAP-CLASS_7930B-C7900B_TP09,Additional Inputs/Outputs (C7900B_TP09),Additional Inputs/Outputs,C7900B_TP09,Picklist,Whether additional analogue and alarm I/O is supplied.,true,false,SAP-CLASS_7930B-C7900B_TP09-PL,C7900B_TP09,
SAP-CLASS_7930B-C7900B_TP10,Pressure / Temp (C7900B_TP10),Pressure / Temp,C7900B_TP10,Picklist,Process pressure and temperature envelope the analyser is built for.,true,false,SAP-CLASS_7930B-C7900B_TP10-PL,C7900B_TP10,
SAP-CLASS_7930B-C7900B_TPBASE,Type (C7900B_TPBASE),Type,C7900B_TPBASE,Picklist,Analyser base type for the SERVOTOUGH Laser 3 Plus.,true,true,SAP-CLASS_7930B-C7900B_TPBASE-PL,C7900B_TPBASE,
SAP-CLASS_7930B-C7900B_TPM110,Isolation Flange (C7900B_TPM110),Isolation Flange,C7900B_TPM110,Picklist,Isolation flange pair supplied with the mounting.,true,false,SAP-CLASS_7930B-C7900B_TPM110-PL,C7900B_TPM110,
SAP-CLASS_7930B-C7900B_TPM120,Tx Mounting Type (C7900B_TPM120),Tx Mounting Type,C7900B_TPM120,Picklist,Mounting arrangement for the transmitter unit.,true,false,SAP-CLASS_7930B-C7900B_TPM120-PL,C7900B_TPM120,
SAP-CLASS_7930B-C7900B_TPM130,Tx Flange Size (C7900B_TPM130),Tx Flange Size,C7900B_TPM130,Picklist,Process flange size at the transmitter unit.,true,false,SAP-CLASS_7930B-C7900B_TPM130-PL,C7900B_TPM130,
SAP-CLASS_7930B-C7900B_TPM140,Rx Mounting Type (C7900B_TPM140),Rx Mounting Type,C7900B_TPM140,Picklist,Mounting arrangement for the receiver unit.,true,false,SAP-CLASS_7930B-C7900B_TPM140-PL,C7900B_TPM140,
SAP-CLASS_7930B-C7900B_TPM150,Rx Flange Size (C7900B_TPM150),Rx Flange Size,C7900B_TPM150,Picklist,Process flange size at the receiver unit.,true,false,SAP-CLASS_7930B-C7900B_TPM150-PL,C7900B_TPM150,
SAP-CLASS_7930B-C7900B_TPM160,Seal Material (Sample Wetted) (C7900B_TPM160),Seal Material (Sample Wetted),C7900B_TPM160,Picklist,Seal material in contact with the sample gas.,true,false,SAP-CLASS_7930B-C7900B_TPM160-PL,C7900B_TPM160,
SAP-CLASS_7930B-C7900B_TPM170,Insertion Tube (C7900B_TPM170),Insertion Tube,C7900B_TPM170,Picklist,Insertion tube fitted between the flange and the process.,true,false,SAP-CLASS_7930B-C7900B_TPM170-PL,C7900B_TPM170,
SAP-CLASS_7930B-C7900B_TPM180,Thermal Break (C7900B_TPM180),Thermal Break,C7900B_TPM180,Picklist,Thermal break pair fitted between the process and the analyser.,true,false,SAP-CLASS_7930B-C7900B_TPM180-PL,C7900B_TPM180,
SAP-CLASS_7930B-C7900B_TPM190,Inline Span Cell (C7900B_TPM190),Inline Span Cell,C7900B_TPM190,Picklist,Inline span cell fitted in the optical path.,true,false,SAP-CLASS_7930B-C7900B_TPM190-PL,C7900B_TPM190,
SAP-CLASS_7930B-C7900_ALIGNMENT_TOOLS,Alignment Tool (C7900_ALIGNMENT_TOOLS),Alignment Tool,C7900_ALIGNMENT_TOOLS,Picklist,Optical alignment tool supplied with the analyser.,true,false,SAP-CLASS_7930B-C7900_ALIGNMENT_TOOLS-PL,C7900_ALIGNMENT_TOOLS,
SAP-CLASS_7930B-C7900_APPLICATION_DETAIL,Application Detail (C7900_APPLICATION_DETAIL),Application Detail,C7900_APPLICATION_DETAIL,Picklist,Process application the analyser is being supplied for.,true,false,SAP-CLASS_7930B-C7900_APPLICATION_DETAIL-PL,C7900_APPLICATION_DETAIL,
SAP-CLASS_7930B-C7900_BG_COMP10_HIGH,Stream 10 High Concentration (C7900_BG_COMP10_HIGH),Stream 10 High Concentration,C7900_BG_COMP10_HIGH,Number,Highest expected concentration of sample gas component 10.,true,false,,C7900_BG_COMP10_HIGH,
SAP-CLASS_7930B-C7900_BG_COMP10_LOW,Stream 10 Low Concentration (C7900_BG_COMP10_LOW),Stream 10 Low Concentration,C7900_BG_COMP10_LOW,Number,Lowest expected concentration of sample gas component 10.,true,false,,C7900_BG_COMP10_LOW,
SAP-CLASS_7930B-C7900_BG_COMP10_NORMAL,Stream 10 Normal Concentration (C7900_BG_COMP10_NORMAL),Stream 10 Normal Concentration,C7900_BG_COMP10_NORMAL,Number,Normal expected concentration of sample gas component 10.,true,false,,C7900_BG_COMP10_NORMAL,
SAP-CLASS_7930B-C7900_BG_COMP10_TYPE_2,Stream Component 10 (C7900_BG_COMP10_TYPE_2),Stream Component 10,C7900_BG_COMP10_TYPE_2,Text,Sample gas component 10 present in the measured stream.,true,false,,C7900_BG_COMP10_TYPE_2,
SAP-CLASS_7930B-C7900_BG_COMP10_UNITS,Stream Component 10 Units (C7900_BG_COMP10_UNITS),Stream Component 10 Units,C7900_BG_COMP10_UNITS,Picklist,Concentration unit reported for sample gas component 10.,true,false,SAP-CLASS_7930B-C7900_BG_COMP_UNITS-PL,C7900_BG_COMP10_UNITS,
SAP-CLASS_7930B-C7900_BG_COMP1_HIGH,Stream 1 High Concentration (C7900_BG_COMP1_HIGH),Stream 1 High Concentration,C7900_BG_COMP1_HIGH,Number,Highest expected concentration of sample gas component 1.,true,false,,C7900_BG_COMP1_HIGH,
SAP-CLASS_7930B-C7900_BG_COMP1_LOW,Stream 1 Low Concentration (C7900_BG_COMP1_LOW),Stream 1 Low Concentration,C7900_BG_COMP1_LOW,Number,Lowest expected concentration of sample gas component 1.,true,false,,C7900_BG_COMP1_LOW,
SAP-CLASS_7930B-C7900_BG_COMP1_NORMAL,Stream 1 Normal Concentration (C7900_BG_COMP1_NORMAL),Stream 1 Normal Concentration,C7900_BG_COMP1_NORMAL,Number,Normal expected concentration of sample gas component 1.,true,false,,C7900_BG_COMP1_NORMAL,
SAP-CLASS_7930B-C7900_BG_COMP1_TYPE_2,Stream Component 1 (C7900_BG_COMP1_TYPE_2),Stream Component 1,C7900_BG_COMP1_TYPE_2,Text,Sample gas component 1 present in the measured stream.,true,false,,C7900_BG_COMP1_TYPE_2,
SAP-CLASS_7930B-C7900_BG_COMP1_UNITS,Stream Component 1 Units (C7900_BG_COMP1_UNITS),Stream Component 1 Units,C7900_BG_COMP1_UNITS,Picklist,Concentration unit reported for sample gas component 1.,true,false,SAP-CLASS_7930B-C7900_BG_COMP_UNITS-PL,C7900_BG_COMP1_UNITS,
SAP-CLASS_7930B-C7900_BG_COMP2_HIGH,Stream 2 High Concentration (C7900_BG_COMP2_HIGH),Stream 2 High Concentration,C7900_BG_COMP2_HIGH,Number,Highest expected concentration of sample gas component 2.,true,false,,C7900_BG_COMP2_HIGH,
SAP-CLASS_7930B-C7900_BG_COMP2_LOW,Stream 2 Low Concentration (C7900_BG_COMP2_LOW),Stream 2 Low Concentration,C7900_BG_COMP2_LOW,Number,Lowest expected concentration of sample gas component 2.,true,false,,C7900_BG_COMP2_LOW,
SAP-CLASS_7930B-C7900_BG_COMP2_NORMAL,Stream 2 Normal Concentration (C7900_BG_COMP2_NORMAL),Stream 2 Normal Concentration,C7900_BG_COMP2_NORMAL,Number,Normal expected concentration of sample gas component 2.,true,false,,C7900_BG_COMP2_NORMAL,
SAP-CLASS_7930B-C7900_BG_COMP2_TYPE_2,Stream Component 2 (C7900_BG_COMP2_TYPE_2),Stream Component 2,C7900_BG_COMP2_TYPE_2,Text,Sample gas component 2 present in the measured stream.,true,false,,C7900_BG_COMP2_TYPE_2,
SAP-CLASS_7930B-C7900_BG_COMP2_UNITS,Stream Component 2 Units (C7900_BG_COMP2_UNITS),Stream Component 2 Units,C7900_BG_COMP2_UNITS,Picklist,Concentration unit reported for sample gas component 2.,true,false,SAP-CLASS_7930B-C7900_BG_COMP_UNITS-PL,C7900_BG_COMP2_UNITS,
SAP-CLASS_7930B-C7900_BG_COMP3_HIGH,Stream 3 High Concentration (C7900_BG_COMP3_HIGH),Stream 3 High Concentration,C7900_BG_COMP3_HIGH,Number,Highest expected concentration of sample gas component 3.,true,false,,C7900_BG_COMP3_HIGH,
SAP-CLASS_7930B-C7900_BG_COMP3_LOW,Stream 3 Low Concentration (C7900_BG_COMP3_LOW),Stream 3 Low Concentration,C7900_BG_COMP3_LOW,Number,Lowest expected concentration of sample gas component 3.,true,false,,C7900_BG_COMP3_LOW,
SAP-CLASS_7930B-C7900_BG_COMP3_NORMAL,Stream 3 Normal Concentration (C7900_BG_COMP3_NORMAL),Stream 3 Normal Concentration,C7900_BG_COMP3_NORMAL,Number,Normal expected concentration of sample gas component 3.,true,false,,C7900_BG_COMP3_NORMAL,
SAP-CLASS_7930B-C7900_BG_COMP3_TYPE_2,Stream Component 3 (C7900_BG_COMP3_TYPE_2),Stream Component 3,C7900_BG_COMP3_TYPE_2,Text,Sample gas component 3 present in the measured stream.,true,false,,C7900_BG_COMP3_TYPE_2,
SAP-CLASS_7930B-C7900_BG_COMP3_UNITS,Stream Component 3 Units (C7900_BG_COMP3_UNITS),Stream Component 3 Units,C7900_BG_COMP3_UNITS,Picklist,Concentration unit reported for sample gas component 3.,true,false,SAP-CLASS_7930B-C7900_BG_COMP_UNITS-PL,C7900_BG_COMP3_UNITS,
SAP-CLASS_7930B-C7900_BG_COMP4_HIGH,Stream 4 High Concentration (C7900_BG_COMP4_HIGH),Stream 4 High Concentration,C7900_BG_COMP4_HIGH,Number,Highest expected concentration of sample gas component 4.,true,false,,C7900_BG_COMP4_HIGH,
SAP-CLASS_7930B-C7900_BG_COMP4_LOW,Stream 4 Low Concentration (C7900_BG_COMP4_LOW),Stream 4 Low Concentration,C7900_BG_COMP4_LOW,Number,Lowest expected concentration of sample gas component 4.,true,false,,C7900_BG_COMP4_LOW,
SAP-CLASS_7930B-C7900_BG_COMP4_NORMAL,Stream 4 Normal Concentration (C7900_BG_COMP4_NORMAL),Stream 4 Normal Concentration,C7900_BG_COMP4_NORMAL,Number,Normal expected concentration of sample gas component 4.,true,false,,C7900_BG_COMP4_NORMAL,
SAP-CLASS_7930B-C7900_BG_COMP4_TYPE_2,Stream Component 4 (C7900_BG_COMP4_TYPE_2),Stream Component 4,C7900_BG_COMP4_TYPE_2,Text,Sample gas component 4 present in the measured stream.,true,false,,C7900_BG_COMP4_TYPE_2,
SAP-CLASS_7930B-C7900_BG_COMP4_UNITS,Stream Component 4 Units (C7900_BG_COMP4_UNITS),Stream Component 4 Units,C7900_BG_COMP4_UNITS,Picklist,Concentration unit reported for sample gas component 4.,true,false,SAP-CLASS_7930B-C7900_BG_COMP_UNITS-PL,C7900_BG_COMP4_UNITS,
SAP-CLASS_7930B-C7900_BG_COMP5_HIGH,Stream 5 High Concentration (C7900_BG_COMP5_HIGH),Stream 5 High Concentration,C7900_BG_COMP5_HIGH,Number,Highest expected concentration of sample gas component 5.,true,false,,C7900_BG_COMP5_HIGH,
SAP-CLASS_7930B-C7900_BG_COMP5_LOW,Stream 5 Low Concentration (C7900_BG_COMP5_LOW),Stream 5 Low Concentration,C7900_BG_COMP5_LOW,Number,Lowest expected concentration of sample gas component 5.,true,false,,C7900_BG_COMP5_LOW,
SAP-CLASS_7930B-C7900_BG_COMP5_NORMAL,Stream 5 Normal Concentration (C7900_BG_COMP5_NORMAL),Stream 5 Normal Concentration,C7900_BG_COMP5_NORMAL,Number,Normal expected concentration of sample gas component 5.,true,false,,C7900_BG_COMP5_NORMAL,
SAP-CLASS_7930B-C7900_BG_COMP5_TYPE_2,Stream Component 5 (C7900_BG_COMP5_TYPE_2),Stream Component 5,C7900_BG_COMP5_TYPE_2,Text,Sample gas component 5 present in the measured stream.,true,false,,C7900_BG_COMP5_TYPE_2,
SAP-CLASS_7930B-C7900_BG_COMP5_UNITS,Stream Component 5 Units (C7900_BG_COMP5_UNITS),Stream Component 5 Units,C7900_BG_COMP5_UNITS,Picklist,Concentration unit reported for sample gas component 5.,true,false,SAP-CLASS_7930B-C7900_BG_COMP_UNITS-PL,C7900_BG_COMP5_UNITS,
SAP-CLASS_7930B-C7900_BG_COMP6_HIGH,Stream 6 High Concentration (C7900_BG_COMP6_HIGH),Stream 6 High Concentration,C7900_BG_COMP6_HIGH,Number,Highest expected concentration of sample gas component 6.,true,false,,C7900_BG_COMP6_HIGH,
SAP-CLASS_7930B-C7900_BG_COMP6_LOW,Stream 6 Low Concentration (C7900_BG_COMP6_LOW),Stream 6 Low Concentration,C7900_BG_COMP6_LOW,Number,Lowest expected concentration of sample gas component 6.,true,false,,C7900_BG_COMP6_LOW,
SAP-CLASS_7930B-C7900_BG_COMP6_NORMAL,Stream 6 Normal Concentration (C7900_BG_COMP6_NORMAL),Stream 6 Normal Concentration,C7900_BG_COMP6_NORMAL,Number,Normal expected concentration of sample gas component 6.,true,false,,C7900_BG_COMP6_NORMAL,
SAP-CLASS_7930B-C7900_BG_COMP6_TYPE_2,Stream Component 6 (C7900_BG_COMP6_TYPE_2),Stream Component 6,C7900_BG_COMP6_TYPE_2,Text,Sample gas component 6 present in the measured stream.,true,false,,C7900_BG_COMP6_TYPE_2,
SAP-CLASS_7930B-C7900_BG_COMP6_UNITS,Stream Component 6 Units (C7900_BG_COMP6_UNITS),Stream Component 6 Units,C7900_BG_COMP6_UNITS,Picklist,Concentration unit reported for sample gas component 6.,true,false,SAP-CLASS_7930B-C7900_BG_COMP_UNITS-PL,C7900_BG_COMP6_UNITS,
SAP-CLASS_7930B-C7900_BG_COMP7_HIGH,Stream 7 High Concentration (C7900_BG_COMP7_HIGH),Stream 7 High Concentration,C7900_BG_COMP7_HIGH,Number,Highest expected concentration of sample gas component 7.,true,false,,C7900_BG_COMP7_HIGH,
SAP-CLASS_7930B-C7900_BG_COMP7_LOW,Stream 7 Low Concentration (C7900_BG_COMP7_LOW),Stream 7 Low Concentration,C7900_BG_COMP7_LOW,Number,Lowest expected concentration of sample gas component 7.,true,false,,C7900_BG_COMP7_LOW,
SAP-CLASS_7930B-C7900_BG_COMP7_NORMAL,Stream 7 Normal Concentration (C7900_BG_COMP7_NORMAL),Stream 7 Normal Concentration,C7900_BG_COMP7_NORMAL,Number,Normal expected concentration of sample gas component 7.,true,false,,C7900_BG_COMP7_NORMAL,
SAP-CLASS_7930B-C7900_BG_COMP7_TYPE_2,Stream Component 7 (C7900_BG_COMP7_TYPE_2),Stream Component 7,C7900_BG_COMP7_TYPE_2,Text,Sample gas component 7 present in the measured stream.,true,false,,C7900_BG_COMP7_TYPE_2,
SAP-CLASS_7930B-C7900_BG_COMP7_UNITS,Stream Component 7 Units (C7900_BG_COMP7_UNITS),Stream Component 7 Units,C7900_BG_COMP7_UNITS,Picklist,Concentration unit reported for sample gas component 7.,true,false,SAP-CLASS_7930B-C7900_BG_COMP_UNITS-PL,C7900_BG_COMP7_UNITS,
SAP-CLASS_7930B-C7900_BG_COMP8_HIGH,Stream 8 High Concentration (C7900_BG_COMP8_HIGH),Stream 8 High Concentration,C7900_BG_COMP8_HIGH,Number,Highest expected concentration of sample gas component 8.,true,false,,C7900_BG_COMP8_HIGH,
SAP-CLASS_7930B-C7900_BG_COMP8_LOW,Stream 8 Low Concentration (C7900_BG_COMP8_LOW),Stream 8 Low Concentration,C7900_BG_COMP8_LOW,Number,Lowest expected concentration of sample gas component 8.,true,false,,C7900_BG_COMP8_LOW,
SAP-CLASS_7930B-C7900_BG_COMP8_NORMAL,Stream 8 Normal Concentration (C7900_BG_COMP8_NORMAL),Stream 8 Normal Concentration,C7900_BG_COMP8_NORMAL,Number,Normal expected concentration of sample gas component 8.,true,false,,C7900_BG_COMP8_NORMAL,
SAP-CLASS_7930B-C7900_BG_COMP8_TYPE_2,Stream Component 8 (C7900_BG_COMP8_TYPE_2),Stream Component 8,C7900_BG_COMP8_TYPE_2,Text,Sample gas component 8 present in the measured stream.,true,false,,C7900_BG_COMP8_TYPE_2,
SAP-CLASS_7930B-C7900_BG_COMP8_UNITS,Stream Component 8 Units (C7900_BG_COMP8_UNITS),Stream Component 8 Units,C7900_BG_COMP8_UNITS,Picklist,Concentration unit reported for sample gas component 8.,true,false,SAP-CLASS_7930B-C7900_BG_COMP_UNITS-PL,C7900_BG_COMP8_UNITS,
SAP-CLASS_7930B-C7900_BG_COMP9_HIGH,Stream 9 High Concentration (C7900_BG_COMP9_HIGH),Stream 9 High Concentration,C7900_BG_COMP9_HIGH,Number,Highest expected concentration of sample gas component 9.,true,false,,C7900_BG_COMP9_HIGH,
SAP-CLASS_7930B-C7900_BG_COMP9_LOW,Stream 9 Low Concentration (C7900_BG_COMP9_LOW),Stream 9 Low Concentration,C7900_BG_COMP9_LOW,Number,Lowest expected concentration of sample gas component 9.,true,false,,C7900_BG_COMP9_LOW,
SAP-CLASS_7930B-C7900_BG_COMP9_NORMAL,Stream 9 Normal Concentration (C7900_BG_COMP9_NORMAL),Stream 9 Normal Concentration,C7900_BG_COMP9_NORMAL,Number,Normal expected concentration of sample gas component 9.,true,false,,C7900_BG_COMP9_NORMAL,
SAP-CLASS_7930B-C7900_BG_COMP9_TYPE_2,Stream Component 9 (C7900_BG_COMP9_TYPE_2),Stream Component 9,C7900_BG_COMP9_TYPE_2,Text,Sample gas component 9 present in the measured stream.,true,false,,C7900_BG_COMP9_TYPE_2,
SAP-CLASS_7930B-C7900_BG_COMP9_UNITS,Stream Component 9 Units (C7900_BG_COMP9_UNITS),Stream Component 9 Units,C7900_BG_COMP9_UNITS,Picklist,Concentration unit reported for sample gas component 9.,true,false,SAP-CLASS_7930B-C7900_BG_COMP_UNITS-PL,C7900_BG_COMP9_UNITS,
SAP-CLASS_7930B-C7900_CALIBRATION_CELL,Calibration Cell Kit (C7900_CALIBRATION_CELL),Calibration Cell Kit,C7900_CALIBRATION_CELL,Picklist,Calibration cell kit supplied with the analyser.,true,false,SAP-CLASS_7930B-C7900_CALIBRATION_CELL-PL,C7900_CALIBRATION_CELL,
SAP-CLASS_7930B-C7900_FUN_SAFETY_MANUAL,Functional Safety (C7900_FUN_SAFETY_MANUAL),Functional Safety,C7900_FUN_SAFETY_MANUAL,Picklist,Functional safety manual supplied with the analyser.,true,false,SAP-CLASS_7930B-C7900_FUN_SAFETY_MANUAL-PL,C7900_FUN_SAFETY_MANUAL,
SAP-CLASS_7930B-C7900_INSTRUMENT_PURGING,Environment Purging (C7900_INSTRUMENT_PURGING),Environment Purging,C7900_INSTRUMENT_PURGING,Picklist,Purge gas supplied to the analyser enclosure.,true,false,SAP-CLASS_7930B-C7900_INSTRUMENT_PURGING-PL,C7900_INSTRUMENT_PURGING,
SAP-CLASS_7930B-C7900_INTERCONNECT_CABLE,Interconnection cable (C7900_INTERCONNECT_CABLE),Interconnection cable,C7900_INTERCONNECT_CABLE,Picklist,Source of the interconnection cable between the analyser units.,true,false,SAP-CLASS_7930B-C7900_INTERCONNECT_CABLE-PL,C7900_INTERCONNECT_CABLE,
SAP-CLASS_7930B-C7900_INTERCONNECT_CABLE_QTY,Interconnection Cable length (C7900_INTERCONNECT_CABLE_QTY),Interconnection Cable length,C7900_INTERCONNECT_CABLE_QTY,Picklist,Length of the interconnection cable supplied.,true,false,SAP-CLASS_7930B-C7900_INTERCONNECT_CABLE_QTY-PL,C7900_INTERCONNECT_CABLE_QTY,
SAP-CLASS_7930B-C7900_OPTICAL_PURGING,Window Purging (C7900_OPTICAL_PURGING),Window Purging,C7900_OPTICAL_PURGING,Picklist,Purge gas supplied to the optical windows.,true,false,SAP-CLASS_7930B-C7900_OPTICAL_PURGING-PL,C7900_OPTICAL_PURGING,
SAP-CLASS_7930B-C7900_ORINGS,Instrument Seal Type (C7900_ORINGS),Instrument Seal Type,C7900_ORINGS,Picklist,Seal material fitted to the instrument.,true,true,SAP-CLASS_7930B-C7900_ORINGS-PL,C7900_ORINGS,
SAP-CLASS_7930B-C7900_PURGE_FITTING_TYPE,Purge Adaptors (C7900_PURGE_FITTING_TYPE),Purge Adaptors,C7900_PURGE_FITTING_TYPE,Picklist,Thread form of the purge supply adaptors.,true,false,SAP-CLASS_7930B-C7900_PURGE_FITTING_TYPE-PL,C7900_PURGE_FITTING_TYPE,
SAP-CLASS_7930B-C7900_PURGE_GAS_FILTRATION,Measurement Purging (C7900_PURGE_GAS_FILTRATION),Measurement Purging,C7900_PURGE_GAS_FILTRATION,Picklist,Purge gas supplied to the measurement path.,true,false,SAP-CLASS_7930B-C7900_PURGE_GAS_FILTRATION-PL,C7900_PURGE_GAS_FILTRATION,
SAP-CLASS_7930B-C7900_PURGE_PANEL,Purge Panel (C7900_PURGE_PANEL),Purge Panel,C7900_PURGE_PANEL,Picklist,Purge control panel supplied with the analyser.,true,false,SAP-CLASS_7930B-C7900_PURGE_PANEL-PL,C7900_PURGE_PANEL,
SAP-CLASS_7930B-C7900_SERVICE_MANUALS,Service (C7900_SERVICE_MANUALS),Service,C7900_SERVICE_MANUALS,Picklist,Service manual supplied with the analyser.,true,false,SAP-CLASS_7930B-C7900_SERVICE_MANUALS-PL,C7900_SERVICE_MANUALS,
SAP-CLASS_7930B-C7900_TP05,Measurement 3 (C7900_TP05),Measurement 3,C7900_TP05,Picklist,Third measured component. Not offered on this analyser.,true,true,SAP-CLASS_7930B-C7900_TP05-PL,C7900_TP05,
SAP-CLASS_7930B-C7900_USER_MANUALS,User / Installation (C7900_USER_MANUALS),User / Installation,C7900_USER_MANUALS,Picklist,Language of the user and installation manual supplied.,true,true,SAP-CLASS_7930B-C7900_USER_MANUALS-PL,C7900_USER_MANUALS,
