Name,Product2.StockKeepingUnit,ProductClassificationAttribute.Name,AttributeCategory.Code,AttributeDefinition.Code,AttributeNameOverride,DefaultValue,IsHidden,IsPriceImpacting,IsReadOnly,IsRequired,Sequence,Status
SAP-CLASS_7930B-C7900B_BEAM_DIVERGENCE-07930B1,07930B1,SAP-CLASS_7930B-C7900B_BEAM_DIVERGENCE,SAP-CLASS_7930B-C7900_OPTICAL_HEADER,SAP-CLASS_7930B-C7900B_BEAM_DIVERGENCE,Beam Divergence,,false,false,false,false,12,Active
SAP-CLASS_7930B-C7900B_INTGRATED_SPAN_CHECK-07930B1,07930B1,SAP-CLASS_7930B-C7900B_INTGRATED_SPAN_CHECK,SAP-CLASS_7930B-C7900_OPTICAL_HEADER,SAP-CLASS_7930B-C7900B_INTGRATED_SPAN_CHECK,Internal Gas Cell,,false,false,false,false,13,Active
SAP-CLASS_7930B-C7900B_MTG_BASE-07930B1,07930B1,SAP-CLASS_7930B-C7900B_MTG_BASE,SAP-CLASS_7930B-C7900_MOUNTING_HEADER,SAP-CLASS_7930B-C7900B_MTG_BASE,Type,SP Mini,false,false,true,true,14,Active
SAP-CLASS_7930B-C7900B_TP02-07930B1,07930B1,SAP-CLASS_7930B-C7900B_TP02,SAP-CLASS_7930B-C7900_PART_HEADER,SAP-CLASS_7930B-C7900B_TP02,"Measurement 1, Range",,false,false,false,false,2,Active
SAP-CLASS_7930B-C7900B_TP03-07930B1,07930B1,SAP-CLASS_7930B-C7900B_TP03,SAP-CLASS_7930B-C7900_PART_HEADER,SAP-CLASS_7930B-C7900B_TP03,Measurement 2,,false,false,false,false,3,Active
SAP-CLASS_7930B-C7900B_TP04-07930B1,07930B1,SAP-CLASS_7930B-C7900B_TP04,SAP-CLASS_7930B-C7900_PART_HEADER,SAP-CLASS_7930B-C7900B_TP04,"Measurement 2, Range",,false,false,false,false,4,Active
SAP-CLASS_7930B-C7900B_TP07-07930B1,07930B1,SAP-CLASS_7930B-C7900B_TP07,SAP-CLASS_7930B-C7900_PART_HEADER,SAP-CLASS_7930B-C7900B_TP07,Area Classification,,false,false,false,false,6,Active
SAP-CLASS_7930B-C7900B_TP08-07930B1,07930B1,SAP-CLASS_7930B-C7900B_TP08,SAP-CLASS_7930B-C7900_PART_HEADER,SAP-CLASS_7930B-C7900B_TP08,Total Path Length,,false,false,false,false,7,Active
SAP-CLASS_7930B-C7900B_TP09-07930B1,07930B1,SAP-CLASS_7930B-C7900B_TP09,SAP-CLASS_7930B-C7900_PART_HEADER,SAP-CLASS_7930B-C7900B_TP09,Additional Inputs/Outputs,,false,false,false,false,8,Active
SAP-CLASS_7930B-C7900B_TP10-07930B1,07930B1,SAP-CLASS_7930B-C7900B_TP10,SAP-CLASS_7930B-C7900_PART_HEADER,SAP-CLASS_7930B-C7900B_TP10,Pressure / Temp,,false,false,false,false,9,Active
SAP-CLASS_7930B-C7900B_TPBASE-07930B1,07930B1,SAP-CLASS_7930B-C7900B_TPBASE,SAP-CLASS_7930B-C7900_PART_HEADER,SAP-CLASS_7930B-C7900B_TPBASE,Type,Laser 3 Plus,false,false,true,true,1,Active
SAP-CLASS_7930B-C7900B_TPM110-07930B1,07930B1,SAP-CLASS_7930B-C7900B_TPM110,SAP-CLASS_7930B-C7900_MOUNTING_HEADER,SAP-CLASS_7930B-C7900B_TPM110,Isolation Flange,,false,false,false,false,15,Active
SAP-CLASS_7930B-C7900B_TPM120-07930B1,07930B1,SAP-CLASS_7930B-C7900B_TPM120,SAP-CLASS_7930B-C7900_MOUNTING_HEADER,SAP-CLASS_7930B-C7900B_TPM120,Tx Mounting Type,,false,false,false,false,16,Active
SAP-CLASS_7930B-C7900B_TPM130-07930B1,07930B1,SAP-CLASS_7930B-C7900B_TPM130,SAP-CLASS_7930B-C7900_MOUNTING_HEADER,SAP-CLASS_7930B-C7900B_TPM130,Tx Flange Size,,false,false,false,false,17,Active
SAP-CLASS_7930B-C7900B_TPM140-07930B1,07930B1,SAP-CLASS_7930B-C7900B_TPM140,SAP-CLASS_7930B-C7900_MOUNTING_HEADER,SAP-CLASS_7930B-C7900B_TPM140,Rx Mounting Type,,false,false,false,false,18,Active
SAP-CLASS_7930B-C7900B_TPM150-07930B1,07930B1,SAP-CLASS_7930B-C7900B_TPM150,SAP-CLASS_7930B-C7900_MOUNTING_HEADER,SAP-CLASS_7930B-C7900B_TPM150,Rx Flange Size,,false,false,false,false,19,Active
SAP-CLASS_7930B-C7900B_TPM160-07930B1,07930B1,SAP-CLASS_7930B-C7900B_TPM160,SAP-CLASS_7930B-C7900_MOUNTING_HEADER,SAP-CLASS_7930B-C7900B_TPM160,Seal Material (Sample Wetted),,false,false,false,false,20,Active
SAP-CLASS_7930B-C7900B_TPM170-07930B1,07930B1,SAP-CLASS_7930B-C7900B_TPM170,SAP-CLASS_7930B-C7900_MOUNTING_HEADER,SAP-CLASS_7930B-C7900B_TPM170,Insertion Tube,,false,false,false,false,21,Active
SAP-CLASS_7930B-C7900B_TPM180-07930B1,07930B1,SAP-CLASS_7930B-C7900B_TPM180,SAP-CLASS_7930B-C7900_MOUNTING_HEADER,SAP-CLASS_7930B-C7900B_TPM180,Thermal Break,,false,false,false,false,22,Active
SAP-CLASS_7930B-C7900B_TPM190-07930B1,07930B1,SAP-CLASS_7930B-C7900B_TPM190,SAP-CLASS_7930B-C7900_MOUNTING_HEADER,SAP-CLASS_7930B-C7900B_TPM190,Inline Span Cell,,false,false,false,false,23,Active
SAP-CLASS_7930B-C7900_APPLICATION_DETAIL-07930B1,07930B1,SAP-CLASS_7930B-C7900_APPLICATION_DETAIL,SAP-CLASS_7930B-C7900_PART_HEADER,SAP-CLASS_7930B-C7900_APPLICATION_DETAIL,Application Detail,,false,false,false,false,10,Active
SAP-CLASS_7930B-C7900_ORINGS-07930B1,07930B1,SAP-CLASS_7930B-C7900_ORINGS,SAP-CLASS_7930B-C7900_OPTICAL_HEADER,SAP-CLASS_7930B-C7900_ORINGS,Instrument Seal Type,Silicone Rubber,false,false,true,true,11,Active
SAP-CLASS_7930B-C7900_TP05-07930B1,07930B1,SAP-CLASS_7930B-C7900_TP05,SAP-CLASS_7930B-C7900_PART_HEADER,SAP-CLASS_7930B-C7900_TP05,Measurement 3,Not Applicable,false,false,true,true,5,Active
