Name,ProductClassification.Code,AttributeCategory.Code,AttributeDefinition.Code,AttributeNameOverride,DefaultValue,IsHidden,IsPriceImpacting,IsReadOnly,IsRequired,Sequence,Status
SAP-CLASS_7930B-C7900B_TP02,SAP-CLASS_7930B,SAP-CLASS_7930B-C7900_PART_HEADER,SAP-CLASS_7930B-C7900B_TP02,"Measurement 1, Range",,false,false,false,false,2,Active
SAP-CLASS_7930B-C7900B_TP03,SAP-CLASS_7930B,SAP-CLASS_7930B-C7900_PART_HEADER,SAP-CLASS_7930B-C7900B_TP03,Measurement 2,,false,false,false,false,3,Active
SAP-CLASS_7930B-C7900B_TP04,SAP-CLASS_7930B,SAP-CLASS_7930B-C7900_PART_HEADER,SAP-CLASS_7930B-C7900B_TP04,"Measurement 2, Range",,false,false,false,false,4,Active
SAP-CLASS_7930B-C7900B_TP07,SAP-CLASS_7930B,SAP-CLASS_7930B-C7900_PART_HEADER,SAP-CLASS_7930B-C7900B_TP07,Area Classification,,false,false,false,false,6,Active
SAP-CLASS_7930B-C7900B_TP08,SAP-CLASS_7930B,SAP-CLASS_7930B-C7900_PART_HEADER,SAP-CLASS_7930B-C7900B_TP08,Total Path Length,,false,false,false,false,7,Active
SAP-CLASS_7930B-C7900B_TP09,SAP-CLASS_7930B,SAP-CLASS_7930B-C7900_PART_HEADER,SAP-CLASS_7930B-C7900B_TP09,Additional Inputs/Outputs,,false,false,false,false,8,Active
SAP-CLASS_7930B-C7900B_TP10,SAP-CLASS_7930B,SAP-CLASS_7930B-C7900_PART_HEADER,SAP-CLASS_7930B-C7900B_TP10,Pressure / Temp,,false,false,false,false,9,Active
SAP-CLASS_7930B-C7900B_TPBASE,SAP-CLASS_7930B,SAP-CLASS_7930B-C7900_PART_HEADER,SAP-CLASS_7930B-C7900B_TPBASE,Type,Laser 3 Plus,false,false,true,true,1,Active
SAP-CLASS_7930B-C7900_APPLICATION_DETAIL,SAP-CLASS_7930B,SAP-CLASS_7930B-C7900_PART_HEADER,SAP-CLASS_7930B-C7900_APPLICATION_DETAIL,Application Detail,,false,false,false,false,10,Active
SAP-CLASS_7930B-C7900_TP05,SAP-CLASS_7930B,SAP-CLASS_7930B-C7900_PART_HEADER,SAP-CLASS_7930B-C7900_TP05,Measurement 3,Not Applicable,false,false,true,true,5,Active
